<?xml version="1.0" encoding="UTF-8"?>
<project-private xmlns="http://www.netbeans.org/ns/project-private/1">
    <editor-bookmarks xmlns="http://www.netbeans.org/ns/editor-bookmarks/2" lastBookmarkId="0"/>
    <open-files xmlns="http://www.netbeans.org/ns/projectui-open-files/2">
        <group>
            <file>file:/Users/zackarieabessoloekouma/Documents/Java/File%20Rouge/JAVA/file%20rouge/src/dao/DetailPrestationDao.java</file>
            <file>file:/Users/zackarieabessoloekouma/Documents/Java/File%20Rouge/JAVA/file%20rouge/src/views/patient/ShowRendezVousController.java</file>
            <file>file:/Users/zackarieabessoloekouma/Documents/Java/File%20Rouge/JAVA/file%20rouge/src/services/IService.java</file>
            <file>file:/Users/zackarieabessoloekouma/Documents/Java/File%20Rouge/JAVA/file%20rouge/src/dao/DetailSpecialisationDAO.java</file>
            <file>file:/Users/zackarieabessoloekouma/Documents/Java/File%20Rouge/JAVA/file%20rouge/src/views/root/RpController.java</file>
            <file>file:/Users/zackarieabessoloekouma/Documents/Java/File%20Rouge/JAVA/file%20rouge/src/dao/MedecinDao.java</file>
            <file>file:/Users/zackarieabessoloekouma/Documents/Java/File%20Rouge/JAVA/file%20rouge/src/entitiies/Medecin.java</file>
            <file>file:/Users/zackarieabessoloekouma/Documents/Java/File%20Rouge/JAVA/file%20rouge/src/dao/SpecialisationDAO.java</file>
            <file>file:/Users/zackarieabessoloekouma/Documents/Java/File%20Rouge/JAVA/file%20rouge/src/views/root/medecinController.java</file>
        </group>
    </open-files>
</project-private>
